{
  "$schema": "https://json.schemastore.org/nest-cli",
  "collection": "@nestjs/schematics",
  "sourceRoot": "apps/micro-services/src",
  "compilerOptions": {
    "deleteOutDir": true,
    "webpack": true,
    "tsConfigPath": "apps/micro-services/tsconfig.app.json"
  },
  "monorepo": true,
  "root": "apps/micro-services",
  "projects": {
    "auth": {
      "type": "application",
      "root": "apps/auth",
      "entryFile": "main",
      "sourceRoot": "apps/auth/src",
      "compilerOptions": {
        "tsConfigPath": "apps/auth/tsconfig.app.json"
      }
    },
    "cart": {
      "type": "application",
      "root": "apps/cart",
      "entryFile": "main",
      "sourceRoot": "apps/cart/src",
      "compilerOptions": {
        "tsConfigPath": "apps/cart/tsconfig.app.json"
      }
    },
    "category": {
      "type": "application",
      "root": "apps/category",
      "entryFile": "main",
      "sourceRoot": "apps/category/src",
      "compilerOptions": {
        "tsConfigPath": "apps/category/tsconfig.app.json"
      }
    },
    "common": {
      "type": "library",
      "root": "libs/common",
      "entryFile": "index",
      "sourceRoot": "libs/common/src",
      "compilerOptions": {
        "tsConfigPath": "libs/common/tsconfig.lib.json"
      }
    },
    "gateway": {
      "type": "application",
      "root": "apps/gateway",
      "entryFile": "main",
      "sourceRoot": "apps/gateway/src",
      "compilerOptions": {
        "tsConfigPath": "apps/gateway/tsconfig.app.json"
      }
    },
    "micro-services": {
      "type": "application",
      "root": "apps/micro-services",
      "entryFile": "main",
      "sourceRoot": "apps/micro-services/src",
      "compilerOptions": {
        "tsConfigPath": "apps/micro-services/tsconfig.app.json"
      }
    },
    "product": {
      "type": "application",
      "root": "apps/product",
      "entryFile": "main",
      "sourceRoot": "apps/product/src",
      "compilerOptions": {
        "tsConfigPath": "apps/product/tsconfig.app.json"
      }
    },
    "products": {
      "type": "application",
      "root": "apps/products",
      "entryFile": "main",
      "sourceRoot": "apps/products/src",
      "compilerOptions": {
        "tsConfigPath": "apps/products/tsconfig.app.json"
      }
    },
    "strategy": {
      "type": "application",
      "root": "apps/strategy",
      "entryFile": "main",
      "sourceRoot": "apps/strategy/src",
      "compilerOptions": {
        "tsConfigPath": "apps/strategy/tsconfig.app.json"
      }
    },
    "user": {
      "type": "application",
      "root": "apps/user",
      "entryFile": "main",
      "sourceRoot": "apps/user/src",
      "compilerOptions": {
        "tsConfigPath": "apps/user/tsconfig.app.json"
      }
    }
  }
}